{
  "camera_matrix": [
    [
      675.3039067435681,
      0.0,
      577.5373358183431
    ],
    [
      0.0,
      675.9067609305216,
      528.8666819743048
    ],
    [
      0.0,
      0.0,
      1.0
    ]
  ],
  "dist_coeffs": [
    [
      0.04052039941579034,
      -0.04559088019108515,
      0.001434218209708457,
      0.009288583861357834,
      0.009779707732966927
    ]
  ],
  "rms_error_px": 1.402307656126779,
  "image_size": [
    1080,
    1080
  ],
  "board_cols": 9,
  "board_rows": 6,
  "square_m": 0.03,
  "n_frames": 23,
  "saved_at": "2026-04-03T15:30:25"
}