{
  "shoulder_pan": -5.394560855996431,
  "shoulder_lift": -11.167512690355323,
  "elbow_flex": 19.58389868837631,
  "wrist_flex": 74.67811158798284,
  "wrist_roll": -4.029304029304029,
  "gripper": 2.2222222222222223
}