{
  "pos_offset": [
    -0.006000000000000002,
    0.007500000000000003,
    -0.03200000000000002
  ],
  "euler_offset": [
    -0.1340000000000001,
    0.0,
    0.0
  ],
  "saved_at": "2026-04-03T15:53:19"
}